method,ari_score,time_seconds
Pure UMAP,0.9485369061105795,28.461705684661865
Cascade: PCA -> UMAP,0.9074554840813316,4.608110666275024
Pure t-SNE,0.8745527313435248,16.812657833099365
Cascade: PCA -> t-SNE,0.8721749153506362,15.572822093963623
Pure PCA,0.8430076143354563,0.19527482986450195
Cascade: PCA -> C-GMVAE,0.0007049931177329084,32.48313093185425
